hmida,abriter,20
hmida,acceuil,9
hmida,cithare,27
dadem,aerosol,7
hmida,aerosol,11
hmida,corbeau,11
hmida,exemple,7
hmida,tonneau,18
hmida,ampoule,8
hmida,jouxter,12
hmida,journee,10
hmida,aerosol,16
hmida,zozoter,22
marouane,exemple,6
saoud,chariot,34
saoud,renegat,16
saoud,cithare,36
saoud,clairon,33
saoud,senteur,12
saoud,batavia,11
saoud,drapeau,12
saoud,renegat,17
saoud,javelot,9
saoud,baryton,23
saoud,exemple,8
saoud,ballast,30
saoud,sucette,13
saoud,sifflet,7
Lawd,aileron,13
Lawd,oxygene,12
saoud,batavia,8
saoud,exemple,6
Lawd,aileron,7
saoud,cortege,29
saoud,strophe,15
saoud,adapter,16
saoud,drapeau,12
saoud,poterie,6
saoud,notable,14
saoud,cymbale,28
saoud,aborder,18
saoud,batavia,7
saoud,journal,18
saoud,adapter,5
saoud,pouvoir,17
dadem,pouvoir,3
saoud,corbeau,15
saoud,voilure,20
saoud,iceberg,15
saoud,voilure,7
saoud,exemple,8
saoud,abriter,13
saoud,corbeau,23
saoud,cymbale,10
saoud,clairon,9
saoud,voilure,11
saoud,aileron,11
saoud,journal,8
saoud,senteur,7
saoud,aborder,8
saoud,adapter,4
saoud,tonneau,17
saoud,vautour,11
saoud,ukulele,15
saoud,sifflet,17
saoud,losange,22
saoud,sucette,9
saoud,grandir,20
saoud,ukulele,8
saoud,strophe,12
saoud,losange,12
saoud,aborder,9
saoud,senteur,8
saoud,trousse,28
saoud,iceberg,11
saoud,adapter,12
saoud,renegat,13
saoud,scooter,8
saoud,notable,12
saoud,macadam,9
saoud,exemple,7
saoud,aborder,17
saoud,cymbale,14
saoud,iceberg,11
saoud,ampoule,11
saoud,pouvoir,13
saoud,journee,13
saoud,ukulele,10
saoud,scooter,6
saoud,acceuil,18
saoud,exemple,6
saoud,corbeau,7
saoud,bassine,15
saoud,journal,9
saoud,aborder,5
saoud,bassine,6
saoud,petrole,18
saoud,adapter,5
saoud,petrole,7
saoud,spirale,20
saoud,tonneau,10
saoud,losange,13
saoud,chariot,8
saoud,notable,10
saoud,bretzel,19
saoud,bassine,7
saoud,aileron,16
saoud,poterie,7
saoud,bassine,12
saoud,exemple,14
saoud,dentier,10
saoud,aborder,9
saoud,aerosol,12
saoud,spirale,11
saoud,drapeau,5
saoud,strophe,6
saoud,crapaud,9
saoud,journal,7
saoud,vautour,8
saoud,aerosol,6
saoud,spirale,20
saoud,exemple,6
saoud,javelot,10
saoud,ampoule,9
saoud,dentier,7
saoud,petrole,8
saoud,corbeau,8
saoud,macadam,25
saoud,acceuil,14
saoud,ampoule,6
saoud,aborder,7
saoud,clairon,6
saoud,exemple,6
saoud,tunique,17
saoud,ukulele,8
saoud,iceberg,6
saoud,scooter,6
saoud,corbeau,7
saoud,sifflet,8
saoud,vautour,13
saoud,voilure,6
saoud,pouvoir,6
saoud,trousse,6
saoud,clairon,6
saoud,chariot,15
saoud,notable,10
saoud,cymbale,15
